id,brand_name,brand_slug,brand_logo_emoji,tagline,description_short,market_intelligence_insight,industry_primary,industry_secondary,exec_investor_flag,brand_maturity,year_founded,year_franchising_began,unit_count_total,unit_count_us,unit_count_pipeline,unit_growth_rate_yoy,investment_min,investment_max,cash_required_min,net_worth_required,franchise_fee,royalty_rate,marketing_fee,investment_tier,sba_eligible,robs_eligible,financing_available,veteran_discount,item_19_available,item_19_headline,avg_unit_volume,cash_on_cash_return_range,breakeven_timeline,macro_market_cagr,business_model,semi_absentee_verified,hours_per_week_typical,employees_typical,physical_location_required,home_based,mobile_van_based,territory_type,multi_unit_available,area_developer_available,target_customer,revenue_pattern,recession_resistant,growth_sector,lifestyle_fit_tags,initial_training_days,training_location,ongoing_support,field_support,marketing_support,technology_platform,franchisee_validation_available,fbr_satisfaction_score,fbr_top_200,fbr_top_200_year,entrepreneur_rank,entrepreneur_rank_year,ifa_member,fdd_available,owner_profile_archetypes,matching_tags,navigator_score,data_source_url,data_verified_date,data_notes
9,1-800 WATER DAMAGE,1-800-water-damage,,,,,,,TRUE,,,,,,,,,,,,,,,,TRUE,,TRUE,,,,,,,,,,,,,,,,TRUE,,,,,,,,,,TRUE,TRUE,,TRUE,,,,,,TRUE,TRUE,,,,,,
10,1-800-Packouts,1-800-packouts,,,,,,,TRUE,,,,,,,,,,,,,,,,TRUE,,TRUE,,,,,,,,,,,,,,,,TRUE,,,,,,,,,,TRUE,TRUE,,TRUE,,,,,,TRUE,TRUE,,,,,,
11,1-800-STRIPER,1-800-striper,,,,,,,TRUE,,,,,,,,,,,,,,,,TRUE,,TRUE,,,,,,,,,,,,,,,,TRUE,,,,,,,,,,TRUE,TRUE,,TRUE,,,,,,TRUE,TRUE,,,,,,
12,2nd Family,2nd-family,,,,,,,TRUE,,,,,,,,,,,,,,,,TRUE,,TRUE,,,,,,,,,,,,,,,,TRUE,,,,,,,,,,TRUE,TRUE,,TRUE,,,,,,TRUE,TRUE,,,,,,
13,360° Painting,360-painting,,,,,,,TRUE,,,,,,,,,,,,,,,,TRUE,,TRUE,,,,,,,,,,,,,,,,TRUE,,,,,,,,,,TRUE,TRUE,,TRUE,,,,,,TRUE,TRUE,,,,,,
14,4Ever Young,4ever-young,,,,,,,TRUE,,,,,,,,,,,,,,,,TRUE,,TRUE,,,,,,,,,,,,,,,,TRUE,,,,,,,,,,TRUE,TRUE,,TRUE,,,,,,TRUE,TRUE,,,,,,
15,76 Fence,76-fence,,,,,,,TRUE,,,,,,,,,,,,,,,,TRUE,,TRUE,,,,,,,,,,,,,,,,TRUE,,,,,,,,,,TRUE,TRUE,,TRUE,,,,,,TRUE,TRUE,,,,,,
16,Accelerated Waste Solutions,accelerated-waste-solutions,,,,,,,TRUE,,,,,,,,,,,,,,,,TRUE,,TRUE,,,,,,,,,,,,,,,,TRUE,,,,,,,,,,TRUE,TRUE,,TRUE,,,,,,TRUE,TRUE,,,,,,
17,Ace Handyman Services,ace-handyman-services,,,,,,,TRUE,,,,,,,,,,,,,,,,TRUE,,TRUE,,,,,,,,,,,,,,,,TRUE,,,,,,,,,,TRUE,TRUE,,TRUE,,,,,,TRUE,TRUE,,,,,,
18,AireServ,aireserv,,,,,,,TRUE,,,,,,,,,,,,,,,,TRUE,,TRUE,,,,,,,,,,,,,,,,TRUE,,,,,,,,,,TRUE,TRUE,,TRUE,,,,,,TRUE,TRUE,,,,,,
19,All American Pet Resorts,all-american-pet-resorts,,,,,,,TRUE,,,,,,,,,,,,,,,,TRUE,,TRUE,,,,,,,,,,,,,,,,TRUE,,,,,,,,,,TRUE,TRUE,,TRUE,,,,,,TRUE,TRUE,,,,,,
20,All Dogs Unleashed,all-dogs-unleashed,,,,,,,TRUE,,,,,,,,,,,,,,,,TRUE,,TRUE,,,,,,,,,,,,,,,,TRUE,,,,,,,,,,TRUE,TRUE,,TRUE,,,,,,TRUE,TRUE,,,,,,
21,All Dry,all-dry,,,,,,,TRUE,,,,,,,,,,,,,,,,TRUE,,TRUE,,,,,,,,,,,,,,,,TRUE,,,,,,,,,,TRUE,TRUE,,TRUE,,,,,,TRUE,TRUE,,,,,,
22,Alloy Personal Training,alloy-personal-training,,,,,,,TRUE,,,,,,,,,,,,,,,,TRUE,,TRUE,,,,,,,,,,,,,,,,TRUE,,,,,,,,,,TRUE,TRUE,,TRUE,,,,,,TRUE,TRUE,,,,,,
23,Always Best Care Senior Services,always-best-care-senior-services,,,,,,,TRUE,,,,,,,,,,,,,,,,TRUE,,TRUE,,,,,,,,,,,,,,,,TRUE,,,,,,,,,,TRUE,TRUE,,TRUE,,,,,,TRUE,TRUE,,,,,,
24,Amazing Athletes,amazing-athletes,,,,,,,TRUE,,,,,,,,,,,,,,,,TRUE,,TRUE,,,,,,,,,,,,,,,,TRUE,,,,,,,,,,TRUE,TRUE,,TRUE,,,,,,TRUE,TRUE,,,,,,
25,Appell Coatings & Striping,appell-coatings-striping,,,,,,,TRUE,,,,,,,,,,,,,,,,TRUE,,TRUE,,,,,,,,,,,,,,,,TRUE,,,,,,,,,,TRUE,TRUE,,TRUE,,,,,,TRUE,TRUE,,,,,,
26,Art of Drawers,art-of-drawers,,,,,,,TRUE,,,,,,,,,,,,,,,,TRUE,,TRUE,,,,,,,,,,,,,,,,TRUE,,,,,,,,,,TRUE,TRUE,,TRUE,,,,,,TRUE,TRUE,,,,,,
27,Assisted Living Locators,assisted-living-locators,,,,,,,TRUE,,,,,,,,,,,,,,,,TRUE,,TRUE,,,,,,,,,,,,,,,,TRUE,,,,,,,,,,TRUE,TRUE,,TRUE,,,,,,TRUE,TRUE,,,,,,
28,Aussie Pet Mobile,aussie-pet-mobile,,,,,,,TRUE,,,,,,,,,,,,,,,,TRUE,,TRUE,,,,,,,,,,,,,,,,TRUE,,,,,,,,,,TRUE,TRUE,,TRUE,,,,,,TRUE,TRUE,,,,,,
29,Bach to Rock,bach-to-rock,,,,,,,TRUE,,,,,,,,,,,,,,,,TRUE,,TRUE,,,,,,,,,,,,,,,,TRUE,,,,,,,,,,TRUE,TRUE,,TRUE,,,,,,TRUE,TRUE,,,,,,
30,Bar-B-Clean,bar-b-clean,,,,,,,TRUE,,,,,,,,,,,,,,,,TRUE,,TRUE,,,,,,,,,,,,,,,,TRUE,,,,,,,,,,TRUE,TRUE,,TRUE,,,,,,TRUE,TRUE,,,,,,
31,Bath Tune-Up,bath-tune-up,,,,,,,TRUE,,,,,,,,,,,,,,,,TRUE,,TRUE,,,,,,,,,,,,,,,,TRUE,,,,,,,,,,TRUE,TRUE,,TRUE,,,,,,TRUE,TRUE,,,,,,
32,beem Light Sauna,beem-light-sauna,,,,,,,TRUE,,,,,,,,,,,,,,,,TRUE,,TRUE,,,,,,,,,,,,,,,,TRUE,,,,,,,,,,TRUE,TRUE,,TRUE,,,,,,TRUE,TRUE,,,,,,
33,bex+Co.,bex-co,,,,,,,TRUE,,,,,,,,,,,,,,,,TRUE,,TRUE,,,,,,,,,,,,,,,,TRUE,,,,,,,,,,TRUE,TRUE,,TRUE,,,,,,TRUE,TRUE,,,,,,
34,Bio-One,bio-one,,,,,,,TRUE,,,,,,,,,,,,,,,,TRUE,,TRUE,,,,,,,,,,,,,,,,TRUE,,,,,,,,,,TRUE,TRUE,,TRUE,,,,,,TRUE,TRUE,,,,,,
35,Bishops Cuts/Color,bishops-cuts-color,,,,,,,TRUE,,,,,,,,,,,,,,,,TRUE,,TRUE,,,,,,,,,,,,,,,,TRUE,,,,,,,,,,TRUE,TRUE,,TRUE,,,,,,TRUE,TRUE,,,,,,
36,Blingle!,blingle,,,,,,,TRUE,,,,,,,,,,,,,,,,TRUE,,TRUE,,,,,,,,,,,,,,,,TRUE,,,,,,,,,,TRUE,TRUE,,TRUE,,,,,,TRUE,TRUE,,,,,,
37,Blue Kangaroo Packoutz,blue-kangaroo-packoutz,,,,,,,TRUE,,,,,,,,,,,,,,,,TRUE,,TRUE,,,,,,,,,,,,,,,,TRUE,,,,,,,,,,TRUE,TRUE,,TRUE,,,,,,TRUE,TRUE,,,,,,
38,Blue Moon Estate Sales,blue-moon-estate-sales,,,,,,,TRUE,,,,,,,,,,,,,,,,TRUE,,TRUE,,,,,,,,,,,,,,,,TRUE,,,,,,,,,,TRUE,TRUE,,TRUE,,,,,,TRUE,TRUE,,,,,,
39,Body20,body20,,,,,,,TRUE,,,,,,,,,,,,,,,,TRUE,,TRUE,,,,,,,,,,,,,,,,TRUE,,,,,,,,,,TRUE,TRUE,,TRUE,,,,,,TRUE,TRUE,,,,,,
40,Boost Home Healthcare,boost-home-healthcare,,,,,,,TRUE,,,,,,,,,,,,,,,,TRUE,,TRUE,,,,,,,,,,,,,,,,TRUE,,,,,,,,,,TRUE,TRUE,,TRUE,,,,,,TRUE,TRUE,,,,,,
41,British Swim School,british-swim-school,,,,,,,TRUE,,,,,,,,,,,,,,,,TRUE,,TRUE,,,,,,,,,,,,,,,,TRUE,,,,,,,,,,TRUE,TRUE,,TRUE,,,,,,TRUE,TRUE,,,,,,
42,Bumble Bee Blinds,bumble-bee-blinds,,,,,,,TRUE,,,,,,,,,,,,,,,,TRUE,,TRUE,,,,,,,,,,,,,,,,TRUE,,,,,,,,,,TRUE,TRUE,,TRUE,,,,,,TRUE,TRUE,,,,,,
43,Cabinet IQ,cabinet-iq,,,,,,,TRUE,,,,,,,,,,,,,,,,TRUE,,TRUE,,,,,,,,,,,,,,,,TRUE,,,,,,,,,,TRUE,TRUE,,TRUE,,,,,,TRUE,TRUE,,,,,,
44,CareBuilders at Home,carebuilders-at-home,,,,,,,TRUE,,,,,,,,,,,,,,,,TRUE,,TRUE,,,,,,,,,,,,,,,,TRUE,,,,,,,,,,TRUE,TRUE,,TRUE,,,,,,TRUE,TRUE,,,,,,
45,CarePatrol,carepatrol,,,,,,,TRUE,,,,,,,,,,,,,,,,TRUE,,TRUE,,,,,,,,,,,,,,,,TRUE,,,,,,,,,,TRUE,TRUE,,TRUE,,,,,,TRUE,TRUE,,,,,,
46,Cascadia Pizza,cascadia-pizza,,,,,,,TRUE,,,,,,,,,,,,,,,,TRUE,,TRUE,,,,,,,,,,,,,,,,TRUE,,,,,,,,,,TRUE,TRUE,,TRUE,,,,,,TRUE,TRUE,,,,,,
47,CertaPro Painters,certapro-painters,,,,,,,TRUE,,,,,,,,,,,,,,,,TRUE,,TRUE,,,,,,,,,,,,,,,,TRUE,,,,,,,,,,TRUE,TRUE,,TRUE,,,,,,TRUE,TRUE,,,,,,
48,Chatime,chatime,,,,,,,TRUE,,,,,,,,,,,,,,,,TRUE,,TRUE,,,,,,,,,,,,,,,,TRUE,,,,,,,,,,TRUE,TRUE,,TRUE,,,,,,TRUE,TRUE,,,,,,
49,Clothes Bin,clothes-bin,,,,,,,TRUE,,,,,,,,,,,,,,,,TRUE,,TRUE,,,,,,,,,,,,,,,,TRUE,,,,,,,,,,TRUE,TRUE,,TRUE,,,,,,TRUE,TRUE,,,,,,
50,CMIT Solutions,cmit-solutions,,,,,,,TRUE,,,,,,,,,,,,,,,,TRUE,,TRUE,,,,,,,,,,,,,,,,TRUE,,,,,,,,,,TRUE,TRUE,,TRUE,,,,,,TRUE,TRUE,,,,,,
51,ComForCare Home Care,comforcare-home-care,,,,,,,TRUE,,,,,,,,,,,,,,,,TRUE,,TRUE,,,,,,,,,,,,,,,,TRUE,,,,,,,,,,TRUE,TRUE,,TRUE,,,,,,TRUE,TRUE,,,,,,
52,COOL-BINZ,cool-binz,,,,,,,TRUE,,,,,,,,,,,,,,,,TRUE,,TRUE,,,,,,,,,,,,,,,,TRUE,,,,,,,,,,TRUE,TRUE,,TRUE,,,,,,TRUE,TRUE,,,,,,
53,CoolVu Glass and Surface Solutions,coolvu-glass-and-surface-solutions,,,,,,,TRUE,,,,,,,,,,,,,,,,TRUE,,TRUE,,,,,,,,,,,,,,,,TRUE,,,,,,,,,,TRUE,TRUE,,TRUE,,,,,,TRUE,TRUE,,,,,,
54,Creative Colors International,creative-colors-international,,,,,,,TRUE,,,,,,,,,,,,,,,,TRUE,,TRUE,,,,,,,,,,,,,,,,TRUE,,,,,,,,,,TRUE,TRUE,,TRUE,,,,,,TRUE,TRUE,,,,,,
55,CyberGlobal,cyberglobal,,,,,,,TRUE,,,,,,,,,,,,,,,,TRUE,,TRUE,,,,,,,,,,,,,,,,TRUE,,,,,,,,,,TRUE,TRUE,,TRUE,,,,,,TRUE,TRUE,,,,,,
56,D1 Sports Training,d1-sports-training,,,,,,,TRUE,,,,,,,,,,,,,,,,TRUE,,TRUE,,,,,,,,,,,,,,,,TRUE,,,,,,,,,,TRUE,TRUE,,TRUE,,,,,,TRUE,TRUE,,,,,,
57,Dakota London Hair Extensions,dakota-london-hair-extensions,,,,,,,TRUE,,,,,,,,,,,,,,,,TRUE,,TRUE,,,,,,,,,,,,,,,,TRUE,,,,,,,,,,TRUE,TRUE,,TRUE,,,,,,TRUE,TRUE,,,,,,
58,Degree Wellness,degree-wellness,,,,,,,TRUE,,,,,,,,,,,,,,,,TRUE,,TRUE,,,,,,,,,,,,,,,,TRUE,,,,,,,,,,TRUE,TRUE,,TRUE,,,,,,TRUE,TRUE,,,,,,
59,Deka Lash,deka-lash,,,,,,,TRUE,,,,,,,,,,,,,,,,TRUE,,TRUE,,,,,,,,,,,,,,,,TRUE,,,,,,,,,,TRUE,TRUE,,TRUE,,,,,,TRUE,TRUE,,,,,,
60,Delta Crown,delta-crown,,,,,,,TRUE,,,,,,,,,,,,,,,,TRUE,,TRUE,,,,,,,,,,,,,,,,TRUE,,,,,,,,,,TRUE,TRUE,,TRUE,,,,,,TRUE,TRUE,,,,,,
61,dermani MEDSPA,dermani-medspa,,,,,,,TRUE,,,,,,,,,,,,,,,,TRUE,,TRUE,,,,,,,,,,,,,,,,TRUE,,,,,,,,,,TRUE,TRUE,,TRUE,,,,,,TRUE,TRUE,,,,,,
62,DonutNV,donutnv,,,,,,,TRUE,,,,,,,,,,,,,,,,TRUE,,TRUE,,,,,,,,,,,,,,,,TRUE,,,,,,,,,,TRUE,TRUE,,TRUE,,,,,,TRUE,TRUE,,,,,,
63,Dryer Vent Wizard,dryer-vent-wizard,,,,,,,TRUE,,,,,,,,,,,,,,,,TRUE,,TRUE,,,,,,,,,,,,,,,,TRUE,,,,,,,,,,TRUE,TRUE,,TRUE,,,,,,TRUE,TRUE,,,,,,
64,DuraFleet,durafleet,,,,,,,TRUE,,,,,,,,,,,,,,,,TRUE,,TRUE,,,,,,,,,,,,,,,,TRUE,,,,,,,,,,TRUE,TRUE,,TRUE,,,,,,TRUE,TRUE,,,,,,
65,ecomaids,ecomaids,,,,,,,TRUE,,,,,,,,,,,,,,,,TRUE,,TRUE,,,,,,,,,,,,,,,,TRUE,,,,,,,,,,TRUE,TRUE,,TRUE,,,,,,TRUE,TRUE,,,,,,
66,Ellie Mental Health,ellie-mental-health,,,,,,,TRUE,,,,,,,,,,,,,,,,TRUE,,TRUE,,,,,,,,,,,,,,,,TRUE,,,,,,,,,,TRUE,TRUE,,TRUE,,,,,,TRUE,TRUE,,,,,,
67,ERA Group,era-group,,,,,,,TRUE,,,,,,,,,,,,,,,,TRUE,,TRUE,,,,,,,,,,,,,,,,TRUE,,,,,,,,,,TRUE,TRUE,,TRUE,,,,,,TRUE,TRUE,,,,,,
68,EverLine Coatings,everline-coatings,,,,,,,TRUE,,,,,,,,,,,,,,,,TRUE,,TRUE,,,,,,,,,,,,,,,,TRUE,,,,,,,,,,TRUE,TRUE,,TRUE,,,,,,TRUE,TRUE,,,,,,
69,Exercise Coach,exercise-coach,,,,,,,TRUE,,,,,,,,,,,,,,,,TRUE,,TRUE,,,,,,,,,,,,,,,,TRUE,,,,,,,,,,TRUE,TRUE,,TRUE,,,,,,TRUE,TRUE,,,,,,
70,Express Employment Professionals,express-employment-professionals,,,,,,,TRUE,,,,,,,,,,,,,,,,TRUE,,TRUE,,,,,,,,,,,,,,,,TRUE,,,,,,,,,,TRUE,TRUE,,TRUE,,,,,,TRUE,TRUE,,,,,,
71,Face Foundrie,face-foundrie,,,,,,,TRUE,,,,,,,,,,,,,,,,TRUE,,TRUE,,,,,,,,,,,,,,,,TRUE,,,,,,,,,,TRUE,TRUE,,TRUE,,,,,,TRUE,TRUE,,,,,,
72,Fastest Labs,fastest-labs,,,,,,,TRUE,,,,,,,,,,,,,,,,TRUE,,TRUE,,,,,,,,,,,,,,,,TRUE,,,,,,,,,,TRUE,TRUE,,TRUE,,,,,,TRUE,TRUE,,,,,,
73,Fetch! Pet Care,fetch-pet-care,,,,,,,TRUE,,,,,,,,,,,,,,,,TRUE,,TRUE,,,,,,,,,,,,,,,,TRUE,,,,,,,,,,TRUE,TRUE,,TRUE,,,,,,TRUE,TRUE,,,,,,
74,Fibrenew,fibrenew,,,,,,,TRUE,,,,,,,,,,,,,,,,TRUE,,TRUE,,,,,,,,,,,,,,,,TRUE,,,,,,,,,,TRUE,TRUE,,TRUE,,,,,,TRUE,TRUE,,,,,,
75,FirstLight Home Care,firstlight-home-care,,,,,,,TRUE,,,,,,,,,,,,,,,,TRUE,,TRUE,,,,,,,,,,,,,,,,TRUE,,,,,,,,,,TRUE,TRUE,,TRUE,,,,,,TRUE,TRUE,,,,,,
76,Fish Window Cleaning,fish-window-cleaning,,,,,,,TRUE,,,,,,,,,,,,,,,,TRUE,,TRUE,,,,,,,,,,,,,,,,TRUE,,,,,,,,,,TRUE,TRUE,,TRUE,,,,,,TRUE,TRUE,,,,,,
77,Five Star Bath Solutions,five-star-bath-solutions,,,,,,,TRUE,,,,,,,,,,,,,,,,TRUE,,TRUE,,,,,,,,,,,,,,,,TRUE,,,,,,,,,,TRUE,TRUE,,TRUE,,,,,,TRUE,TRUE,,,,,,
78,Five Star Painting,five-star-painting,,,,,,,TRUE,,,,,,,,,,,,,,,,TRUE,,TRUE,,,,,,,,,,,,,,,,TRUE,,,,,,,,,,TRUE,TRUE,,TRUE,,,,,,TRUE,TRUE,,,,,,
79,Floor Coverings International,floor-coverings-international,,,,,,,TRUE,,,,,,,,,,,,,,,,TRUE,,TRUE,,,,,,,,,,,,,,,,TRUE,,,,,,,,,,TRUE,TRUE,,TRUE,,,,,,TRUE,TRUE,,,,,,
80,Floyd's 99 Barbershop,floyds-99-barbershop,,,,,,,TRUE,,,,,,,,,,,,,,,,TRUE,,TRUE,,,,,,,,,,,,,,,,TRUE,,,,,,,,,,TRUE,TRUE,,TRUE,,,,,,TRUE,TRUE,,,,,,
81,FlyLock Security Solutions,flylock-security-solutions,,,,,,,TRUE,,,,,,,,,,,,,,,,TRUE,,TRUE,,,,,,,,,,,,,,,,TRUE,,,,,,,,,,TRUE,TRUE,,TRUE,,,,,,TRUE,TRUE,,,,,,
82,FocalPoint Coaching,focalpoint-coaching,,,,,,,TRUE,,,,,,,,,,,,,,,,TRUE,,TRUE,,,,,,,,,,,,,,,,TRUE,,,,,,,,,,TRUE,TRUE,,TRUE,,,,,,TRUE,TRUE,,,,,,
83,Frenchies Modern Nail Care,frenchies-modern-nail-care,,,,,,,TRUE,,,,,,,,,,,,,,,,TRUE,,TRUE,,,,,,,,,,,,,,,,TRUE,,,,,,,,,,TRUE,TRUE,,TRUE,,,,,,TRUE,TRUE,,,,,,
84,Fundraising University,fundraising-university,,,,,,,TRUE,,,,,,,,,,,,,,,,TRUE,,TRUE,,,,,,,,,,,,,,,,TRUE,,,,,,,,,,TRUE,TRUE,,TRUE,,,,,,TRUE,TRUE,,,,,,
85,Furry Land Mobile Grooming,furry-land-mobile-grooming,,,,,,,TRUE,,,,,,,,,,,,,,,,TRUE,,TRUE,,,,,,,,,,,,,,,,TRUE,,,,,,,,,,TRUE,TRUE,,TRUE,,,,,,TRUE,TRUE,,,,,,
86,GarageExperts,garageexperts,,,,,,,TRUE,,,,,,,,,,,,,,,,TRUE,,TRUE,,,,,,,,,,,,,,,,TRUE,,,,,,,,,,TRUE,TRUE,,TRUE,,,,,,TRUE,TRUE,,,,,,
87,Gatsby Glass,gatsby-glass,,,,,,,TRUE,,,,,,,,,,,,,,,,TRUE,,TRUE,,,,,,,,,,,,,,,,TRUE,,,,,,,,,,TRUE,TRUE,,TRUE,,,,,,TRUE,TRUE,,,,,,
88,Glass Doctor,glass-doctor,,,,,,,TRUE,,,,,,,,,,,,,,,,TRUE,,TRUE,,,,,,,,,,,,,,,,TRUE,,,,,,,,,,TRUE,TRUE,,TRUE,,,,,,TRUE,TRUE,,,,,,
89,goGLOW,goglow,,,,,,,TRUE,,,,,,,,,,,,,,,,TRUE,,TRUE,,,,,,,,,,,,,,,,TRUE,,,,,,,,,,TRUE,TRUE,,TRUE,,,,,,TRUE,TRUE,,,,,,
90,Gone for Good,gone-for-good,,,,,,,TRUE,,,,,,,,,,,,,,,,TRUE,,TRUE,,,,,,,,,,,,,,,,TRUE,,,,,,,,,,TRUE,TRUE,,TRUE,,,,,,TRUE,TRUE,,,,,,
91,Gorilla Property Services,gorilla-property-services,,,,,,,TRUE,,,,,,,,,,,,,,,,TRUE,,TRUE,,,,,,,,,,,,,,,,TRUE,,,,,,,,,,TRUE,TRUE,,TRUE,,,,,,TRUE,TRUE,,,,,,
92,Gotcha Covered,gotcha-covered,,,,,,,TRUE,,,,,,,,,,,,,,,,TRUE,,TRUE,,,,,,,,,,,,,,,,TRUE,,,,,,,,,,TRUE,TRUE,,TRUE,,,,,,TRUE,TRUE,,,,,,
93,Grasons Estate Sales,grasons-estate-sales,,,,,,,TRUE,,,,,,,,,,,,,,,,TRUE,,TRUE,,,,,,,,,,,,,,,,TRUE,,,,,,,,,,TRUE,TRUE,,TRUE,,,,,,TRUE,TRUE,,,,,,
94,Groovy Hues,groovy-hues,,,,,,,TRUE,,,,,,,,,,,,,,,,TRUE,,TRUE,,,,,,,,,,,,,,,,TRUE,,,,,,,,,,TRUE,TRUE,,TRUE,,,,,,TRUE,TRUE,,,,,,
95,GYMGUYZ,gymguyz,,,,,,,TRUE,,,,,,,,,,,,,,,,TRUE,,TRUE,,,,,,,,,,,,,,,,TRUE,,,,,,,,,,TRUE,TRUE,,TRUE,,,,,,TRUE,TRUE,,,,,,
96,Hallmark Homecare,hallmark-homecare,,,,,,,TRUE,,,,,,,,,,,,,,,,TRUE,,TRUE,,,,,,,,,,,,,,,,TRUE,,,,,,,,,,TRUE,TRUE,,TRUE,,,,,,TRUE,TRUE,,,,,,
97,HealthSource Chiropractic,healthsource-chiropractic,,,,,,,TRUE,,,,,,,,,,,,,,,,TRUE,,TRUE,,,,,,,,,,,,,,,,TRUE,,,,,,,,,,TRUE,TRUE,,TRUE,,,,,,TRUE,TRUE,,,,,,
98,Heights Wellness Retreat,heights-wellness-retreat,,,,,,,TRUE,,,,,,,,,,,,,,,,TRUE,,TRUE,,,,,,,,,,,,,,,,TRUE,,,,,,,,,,TRUE,TRUE,,TRUE,,,,,,TRUE,TRUE,,,,,,
99,Hello Sugar,hello-sugar,,,,,,,TRUE,,,,,,,,,,,,,,,,TRUE,,TRUE,,,,,,,,,,,,,,,,TRUE,,,,,,,,,,TRUE,TRUE,,TRUE,,,,,,TRUE,TRUE,,,,,,
100,Heroes Lawn Care,heroes-lawn-care,,,,,,,TRUE,,,,,,,,,,,,,,,,TRUE,,TRUE,,,,,,,,,,,,,,,,TRUE,,,,,,,,,,TRUE,TRUE,,TRUE,,,,,,TRUE,TRUE,,,,,,
101,HOMEstretch,homestretch,,,,,,,TRUE,,,,,,,,,,,,,,,,TRUE,,TRUE,,,,,,,,,,,,,,,,TRUE,,,,,,,,,,TRUE,TRUE,,TRUE,,,,,,TRUE,TRUE,,,,,,
102,House Doctors,house-doctors,,,,,,,TRUE,,,,,,,,,,,,,,,,TRUE,,TRUE,,,,,,,,,,,,,,,,TRUE,,,,,,,,,,TRUE,TRUE,,TRUE,,,,,,TRUE,TRUE,,,,,,
103,HouseMaster,housemaster,,,,,,,TRUE,,,,,,,,,,,,,,,,TRUE,,TRUE,,,,,,,,,,,,,,,,TRUE,,,,,,,,,,TRUE,TRUE,,TRUE,,,,,,TRUE,TRUE,,,,,,
104,Hunters-Humbug,hunters-humbug,,,,,,,TRUE,,,,,,,,,,,,,,,,TRUE,,TRUE,,,,,,,,,,,,,,,,TRUE,,,,,,,,,,TRUE,TRUE,,TRUE,,,,,,TRUE,TRUE,,,,,,
105,Ideal Siding,ideal-siding,,,,,,,TRUE,,,,,,,,,,,,,,,,TRUE,,TRUE,,,,,,,,,,,,,,,,TRUE,,,,,,,,,,TRUE,TRUE,,TRUE,,,,,,TRUE,TRUE,,,,,,
106,iFlex,iflex,,,,,,,TRUE,,,,,,,,,,,,,,,,TRUE,,TRUE,,,,,,,,,,,,,,,,TRUE,,,,,,,,,,TRUE,TRUE,,TRUE,,,,,,TRUE,TRUE,,,,,,
107,iFOAM,ifoam,,,,,,,TRUE,,,,,,,,,,,,,,,,TRUE,,TRUE,,,,,,,,,,,,,,,,TRUE,,,,,,,,,,TRUE,TRUE,,TRUE,,,,,,TRUE,TRUE,,,,,,
108,Image Studios,image-studios,,,,,,,TRUE,,,,,,,,,,,,,,,,TRUE,,TRUE,,,,,,,,,,,,,,,,TRUE,,,,,,,,,,TRUE,TRUE,,TRUE,,,,,,TRUE,TRUE,,,,,,
109,Insulation Commandos,insulation-commandos,,,,,,,TRUE,,,,,,,,,,,,,,,,TRUE,,TRUE,,,,,,,,,,,,,,,,TRUE,,,,,,,,,,TRUE,TRUE,,TRUE,,,,,,TRUE,TRUE,,,,,,
110,ISI Elite Training,isi-elite-training,,,,,,,TRUE,,,,,,,,,,,,,,,,TRUE,,TRUE,,,,,,,,,,,,,,,,TRUE,,,,,,,,,,TRUE,TRUE,,TRUE,,,,,,TRUE,TRUE,,,,,,
111,Ivybrook Academy,ivybrook-academy,,,,,,,TRUE,,,,,,,,,,,,,,,,TRUE,,TRUE,,,,,,,,,,,,,,,,TRUE,,,,,,,,,,TRUE,TRUE,,TRUE,,,,,,TRUE,TRUE,,,,,,
112,JETSET Pilates,jetset-pilates,,,,,,,TRUE,,,,,,,,,,,,,,,,TRUE,,TRUE,,,,,,,,,,,,,,,,TRUE,,,,,,,,,,TRUE,TRUE,,TRUE,,,,,,TRUE,TRUE,,,,,,
113,Joshua Tree Experts,joshua-tree-experts,,,,,,,TRUE,,,,,,,,,,,,,,,,TRUE,,TRUE,,,,,,,,,,,,,,,,TRUE,,,,,,,,,,TRUE,TRUE,,TRUE,,,,,,TRUE,TRUE,,,,,,
114,Jungle Driving School,jungle-driving-school,,,,,,,TRUE,,,,,,,,,,,,,,,,TRUE,,TRUE,,,,,,,,,,,,,,,,TRUE,,,,,,,,,,TRUE,TRUE,,TRUE,,,,,,TRUE,TRUE,,,,,,
115,Junk King,junk-king,,,,,,,TRUE,,,,,,,,,,,,,,,,TRUE,,TRUE,,,,,,,,,,,,,,,,TRUE,,,,,,,,,,TRUE,TRUE,,TRUE,,,,,,TRUE,TRUE,,,,,,
116,JUNKCO+,junkco,,,,,,,TRUE,,,,,,,,,,,,,,,,TRUE,,TRUE,,,,,,,,,,,,,,,,TRUE,,,,,,,,,,TRUE,TRUE,,TRUE,,,,,,TRUE,TRUE,,,,,,
117,K9 Resorts,k9-resorts,,,,,,,TRUE,,,,,,,,,,,,,,,,TRUE,,TRUE,,,,,,,,,,,,,,,,TRUE,,,,,,,,,,TRUE,TRUE,,TRUE,,,,,,TRUE,TRUE,,,,,,
118,Kidokinetics,kidokinetics,,,,,,,TRUE,,,,,,,,,,,,,,,,TRUE,,TRUE,,,,,,,,,,,,,,,,TRUE,,,,,,,,,,TRUE,TRUE,,TRUE,,,,,,TRUE,TRUE,,,,,,
119,Kilwins,kilwins,,,,,,,TRUE,,,,,,,,,,,,,,,,TRUE,,TRUE,,,,,,,,,,,,,,,,TRUE,,,,,,,,,,TRUE,TRUE,,TRUE,,,,,,TRUE,TRUE,,,,,,
120,Kitchen Guard,kitchen-guard,,,,,,,TRUE,,,,,,,,,,,,,,,,TRUE,,TRUE,,,,,,,,,,,,,,,,TRUE,,,,,,,,,,TRUE,TRUE,,TRUE,,,,,,TRUE,TRUE,,,,,,
121,Kitchen Tune-Up,kitchen-tune-up,,,,,,,TRUE,,,,,,,,,,,,,,,,TRUE,,TRUE,,,,,,,,,,,,,,,,TRUE,,,,,,,,,,TRUE,TRUE,,TRUE,,,,,,TRUE,TRUE,,,,,,
122,Kitchen Wise/Closet Wise,kitchen-wise-closet-wise,,,,,,,TRUE,,,,,,,,,,,,,,,,TRUE,,TRUE,,,,,,,,,,,,,,,,TRUE,,,,,,,,,,TRUE,TRUE,,TRUE,,,,,,TRUE,TRUE,,,,,,
123,Koala Insulation,koala-insulation,,,,,,,TRUE,,,,,,,,,,,,,,,,TRUE,,TRUE,,,,,,,,,,,,,,,,TRUE,,,,,,,,,,TRUE,TRUE,,TRUE,,,,,,TRUE,TRUE,,,,,,
124,LaundroLab,laundrolab,,,,,,,TRUE,,,,,,,,,,,,,,,,TRUE,,TRUE,,,,,,,,,,,,,,,,TRUE,,,,,,,,,,TRUE,TRUE,,TRUE,,,,,,TRUE,TRUE,,,,,,
125,Lawn Doctor,lawn-doctor,,,,,,,TRUE,,,,,,,,,,,,,,,,TRUE,,TRUE,,,,,,,,,,,,,,,,TRUE,,,,,,,,,,TRUE,TRUE,,TRUE,,,,,,TRUE,TRUE,,,,,,
126,Lawn Pride,lawn-pride,,,,,,,TRUE,,,,,,,,,,,,,,,,TRUE,,TRUE,,,,,,,,,,,,,,,,TRUE,,,,,,,,,,TRUE,TRUE,,TRUE,,,,,,TRUE,TRUE,,,,,,
127,Lightspeed Restoration,lightspeed-restoration,,,,,,,TRUE,,,,,,,,,,,,,,,,TRUE,,TRUE,,,,,,,,,,,,,,,,TRUE,,,,,,,,,,TRUE,TRUE,,TRUE,,,,,,TRUE,TRUE,,,,,,
128,Maid Right,maid-right,,,,,,,TRUE,,,,,,,,,,,,,,,,TRUE,,TRUE,,,,,,,,,,,,,,,,TRUE,,,,,,,,,,TRUE,TRUE,,TRUE,,,,,,TRUE,TRUE,,,,,,
129,Marigold Academy,marigold-academy,,,,,,,TRUE,,,,,,,,,,,,,,,,TRUE,,TRUE,,,,,,,,,,,,,,,,TRUE,,,,,,,,,,TRUE,TRUE,,TRUE,,,,,,TRUE,TRUE,,,,,,
130,Medi-Weightloss,medi-weightloss,,,,,,,TRUE,,,,,,,,,,,,,,,,TRUE,,TRUE,,,,,,,,,,,,,,,,TRUE,,,,,,,,,,TRUE,TRUE,,TRUE,,,,,,TRUE,TRUE,,,,,,
131,Menchies,menchies,,,,,,,TRUE,,,,,,,,,,,,,,,,TRUE,,TRUE,,,,,,,,,,,,,,,,TRUE,,,,,,,,,,TRUE,TRUE,,TRUE,,,,,,TRUE,TRUE,,,,,,
132,Metal Supermarkets,metal-supermarkets,,,,,,,TRUE,,,,,,,,,,,,,,,,TRUE,,TRUE,,,,,,,,,,,,,,,,TRUE,,,,,,,,,,TRUE,TRUE,,TRUE,,,,,,TRUE,TRUE,,,,,,
133,Mighty Dog Roofing,mighty-dog-roofing,,,,,,,TRUE,,,,,,,,,,,,,,,,TRUE,,TRUE,,,,,,,,,,,,,,,,TRUE,,,,,,,,,,TRUE,TRUE,,TRUE,,,,,,TRUE,TRUE,,,,,,
134,Modern PURAIR,modern-purair,,,,,,,TRUE,,,,,,,,,,,,,,,,TRUE,,TRUE,,,,,,,,,,,,,,,,TRUE,,,,,,,,,,TRUE,TRUE,,TRUE,,,,,,TRUE,TRUE,,,,,,
135,Molly Maid,molly-maid,,,,,,,TRUE,,,,,,,,,,,,,,,,TRUE,,TRUE,,,,,,,,,,,,,,,,TRUE,,,,,,,,,,TRUE,TRUE,,TRUE,,,,,,TRUE,TRUE,,,,,,
136,Monster Mini Golf,monster-mini-golf,,,,,,,TRUE,,,,,,,,,,,,,,,,TRUE,,TRUE,,,,,,,,,,,,,,,,TRUE,,,,,,,,,,TRUE,TRUE,,TRUE,,,,,,TRUE,TRUE,,,,,,
137,Mosquito Joe,mosquito-joe,,,,,,,TRUE,,,,,,,,,,,,,,,,TRUE,,TRUE,,,,,,,,,,,,,,,,TRUE,,,,,,,,,,TRUE,TRUE,,TRUE,,,,,,TRUE,TRUE,,,,,,
138,Mosquito Sheriff,mosquito-sheriff,,,,,,,TRUE,,,,,,,,,,,,,,,,TRUE,,TRUE,,,,,,,,,,,,,,,,TRUE,,,,,,,,,,TRUE,TRUE,,TRUE,,,,,,TRUE,TRUE,,,,,,
139,MosquitoNix,mosquitonix,,,,,,,TRUE,,,,,,,,,,,,,,,,TRUE,,TRUE,,,,,,,,,,,,,,,,TRUE,,,,,,,,,,TRUE,TRUE,,TRUE,,,,,,TRUE,TRUE,,,,,,
140,Mr. Appliance,mr-appliance,,,,,,,TRUE,,,,,,,,,,,,,,,,TRUE,,TRUE,,,,,,,,,,,,,,,,TRUE,,,,,,,,,,TRUE,TRUE,,TRUE,,,,,,TRUE,TRUE,,,,,,
141,Mr. Electric,mr-electric,,,,,,,TRUE,,,,,,,,,,,,,,,,TRUE,,TRUE,,,,,,,,,,,,,,,,TRUE,,,,,,,,,,TRUE,TRUE,,TRUE,,,,,,TRUE,TRUE,,,,,,
142,Mr. Handyman,mr-handyman,,,,,,,TRUE,,,,,,,,,,,,,,,,TRUE,,TRUE,,,,,,,,,,,,,,,,TRUE,,,,,,,,,,TRUE,TRUE,,TRUE,,,,,,TRUE,TRUE,,,,,,
143,Mr. Rooter,mr-rooter,,,,,,,TRUE,,,,,,,,,,,,,,,,TRUE,,TRUE,,,,,,,,,,,,,,,,TRUE,,,,,,,,,,TRUE,TRUE,,TRUE,,,,,,TRUE,TRUE,,,,,,
144,Musicologie,musicologie,,,,,,,TRUE,,,,,,,,,,,,,,,,TRUE,,TRUE,,,,,,,,,,,,,,,,TRUE,,,,,,,,,,TRUE,TRUE,,TRUE,,,,,,TRUE,TRUE,,,,,,
145,MY SALON Suite,my-salon-suite,,,,,,,TRUE,,,,,,,,,,,,,,,,TRUE,,TRUE,,,,,,,,,,,,,,,,TRUE,,,,,,,,,,TRUE,TRUE,,TRUE,,,,,,TRUE,TRUE,,,,,,
146,Next Day Access,next-day-access,,,,,,,TRUE,,,,,,,,,,,,,,,,TRUE,,TRUE,,,,,,,,,,,,,,,,TRUE,,,,,,,,,,TRUE,TRUE,,TRUE,,,,,,TRUE,TRUE,,,,,,
147,One You Love Homecare,one-you-love-homecare,,,,,,,TRUE,,,,,,,,,,,,,,,,TRUE,,TRUE,,,,,,,,,,,,,,,,TRUE,,,,,,,,,,TRUE,TRUE,,TRUE,,,,,,TRUE,TRUE,,,,,,
148,OVO Salon,ovo-salon,,,,,,,TRUE,,,,,,,,,,,,,,,,TRUE,,TRUE,,,,,,,,,,,,,,,,TRUE,,,,,,,,,,TRUE,TRUE,,TRUE,,,,,,TRUE,TRUE,,,,,,
149,P3 Cost Analysts,p3-cost-analysts,,,,,,,TRUE,,,,,,,,,,,,,,,,TRUE,,TRUE,,,,,,,,,,,,,,,,TRUE,,,,,,,,,,TRUE,TRUE,,TRUE,,,,,,TRUE,TRUE,,,,,,
150,Paint EZ,paint-ez,,,,,,,TRUE,,,,,,,,,,,,,,,,TRUE,,TRUE,,,,,,,,,,,,,,,,TRUE,,,,,,,,,,TRUE,TRUE,,TRUE,,,,,,TRUE,TRUE,,,,,,
151,Painter Bros,painter-bros,,,,,,,TRUE,,,,,,,,,,,,,,,,TRUE,,TRUE,,,,,,,,,,,,,,,,TRUE,,,,,,,,,,TRUE,TRUE,,TRUE,,,,,,TRUE,TRUE,,,,,,
152,PatchMaster,patchmaster,,,,,,,TRUE,,,,,,,,,,,,,,,,TRUE,,TRUE,,,,,,,,,,,,,,,,TRUE,,,,,,,,,,TRUE,TRUE,,TRUE,,,,,,TRUE,TRUE,,,,,,
153,Patrice & Associates,patrice-associates,,,,,,,TRUE,,,,,,,,,,,,,,,,TRUE,,TRUE,,,,,,,,,,,,,,,,TRUE,,,,,,,,,,TRUE,TRUE,,TRUE,,,,,,TRUE,TRUE,,,,,,
154,Paul Davis,paul-davis,,,,,,,TRUE,,,,,,,,,,,,,,,,TRUE,,TRUE,,,,,,,,,,,,,,,,TRUE,,,,,,,,,,TRUE,TRUE,,TRUE,,,,,,TRUE,TRUE,,,,,,
155,Pause Studio,pause-studio,,,,,,,TRUE,,,,,,,,,,,,,,,,TRUE,,TRUE,,,,,,,,,,,,,,,,TRUE,,,,,,,,,,TRUE,TRUE,,TRUE,,,,,,TRUE,TRUE,,,,,,
156,Pet Evolution,pet-evolution,,,,,,,TRUE,,,,,,,,,,,,,,,,TRUE,,TRUE,,,,,,,,,,,,,,,,TRUE,,,,,,,,,,TRUE,TRUE,,TRUE,,,,,,TRUE,TRUE,,,,,,
157,Pilates Addiction,pilates-addiction,,,,,,,TRUE,,,,,,,,,,,,,,,,TRUE,,TRUE,,,,,,,,,,,,,,,,TRUE,,,,,,,,,,TRUE,TRUE,,TRUE,,,,,,TRUE,TRUE,,,,,,
158,Pink's Window Services,pinks-window-services,,,,,,,TRUE,,,,,,,,,,,,,,,,TRUE,,TRUE,,,,,,,,,,,,,,,,TRUE,,,,,,,,,,TRUE,TRUE,,TRUE,,,,,,TRUE,TRUE,,,,,,
159,PIRTEK USA / Canada,pirtek-usa-canada,,,,,,,TRUE,,,,,,,,,,,,,,,,TRUE,,TRUE,,,,,,,,,,,,,,,,TRUE,,,,,,,,,,TRUE,TRUE,,TRUE,,,,,,TRUE,TRUE,,,,,,
160,PlumbingPro,plumbingpro,,,,,,,TRUE,,,,,,,,,,,,,,,,TRUE,,TRUE,,,,,,,,,,,,,,,,TRUE,,,,,,,,,,TRUE,TRUE,,TRUE,,,,,,TRUE,TRUE,,,,,,
161,Plunge House,plunge-house,,,,,,,TRUE,,,,,,,,,,,,,,,,TRUE,,TRUE,,,,,,,,,,,,,,,,TRUE,,,,,,,,,,TRUE,TRUE,,TRUE,,,,,,TRUE,TRUE,,,,,,
162,Pool Scouts,pool-scouts,,,,,,,TRUE,,,,,,,,,,,,,,,,TRUE,,TRUE,,,,,,,,,,,,,,,,TRUE,,,,,,,,,,TRUE,TRUE,,TRUE,,,,,,TRUE,TRUE,,,,,,
163,Poolwerx,poolwerx,,,,,,,TRUE,,,,,,,,,,,,,,,,TRUE,,TRUE,,,,,,,,,,,,,,,,TRUE,,,,,,,,,,TRUE,TRUE,,TRUE,,,,,,TRUE,TRUE,,,,,,
164,Prism Specialty Restoration,prism-specialty-restoration,,,,,,,TRUE,,,,,,,,,,,,,,,,TRUE,,TRUE,,,,,,,,,,,,,,,,TRUE,,,,,,,,,,TRUE,TRUE,,TRUE,,,,,,TRUE,TRUE,,,,,,
165,Pro-Lift Garage Doors,pro-lift-garage-doors,,,,,,,TRUE,,,,,,,,,,,,,,,,TRUE,,TRUE,,,,,,,,,,,,,,,,TRUE,,,,,,,,,,TRUE,TRUE,,TRUE,,,,,,TRUE,TRUE,,,,,,
166,Project LeanNation,project-leannation,,,,,,,TRUE,,,,,,,,,,,,,,,,TRUE,,TRUE,,,,,,,,,,,,,,,,TRUE,,,,,,,,,,TRUE,TRUE,,TRUE,,,,,,TRUE,TRUE,,,,,,
167,Property Sellwise,property-sellwise,,,,,,,TRUE,,,,,,,,,,,,,,,,TRUE,,TRUE,,,,,,,,,,,,,,,,TRUE,,,,,,,,,,TRUE,TRUE,,TRUE,,,,,,TRUE,TRUE,,,,,,
168,Puddle Pools,puddle-pools,,,,,,,TRUE,,,,,,,,,,,,,,,,TRUE,,TRUE,,,,,,,,,,,,,,,,TRUE,,,,,,,,,,TRUE,TRUE,,TRUE,,,,,,TRUE,TRUE,,,,,,
169,Pure Green,pure-green,,,,,,,TRUE,,,,,,,,,,,,,,,,TRUE,,TRUE,,,,,,,,,,,,,,,,TRUE,,,,,,,,,,TRUE,TRUE,,TRUE,,,,,,TRUE,TRUE,,,,,,
170,Rainbow Restoration,rainbow-restoration,,,,,,,TRUE,,,,,,,,,,,,,,,,TRUE,,TRUE,,,,,,,,,,,,,,,,TRUE,,,,,,,,,,TRUE,TRUE,,TRUE,,,,,,TRUE,TRUE,,,,,,
171,Real Property Management,real-property-management,,,,,,,TRUE,,,,,,,,,,,,,,,,TRUE,,TRUE,,,,,,,,,,,,,,,,TRUE,,,,,,,,,,TRUE,TRUE,,TRUE,,,,,,TRUE,TRUE,,,,,,
172,RealClean Aircraft Detailing,realclean-aircraft-detailing,,,,,,,TRUE,,,,,,,,,,,,,,,,TRUE,,TRUE,,,,,,,,,,,,,,,,TRUE,,,,,,,,,,TRUE,TRUE,,TRUE,,,,,,TRUE,TRUE,,,,,,
173,Renew Medic,renew-medic,,,,,,,TRUE,,,,,,,,,,,,,,,,TRUE,,TRUE,,,,,,,,,,,,,,,,TRUE,,,,,,,,,,TRUE,TRUE,,TRUE,,,,,,TRUE,TRUE,,,,,,
174,RestoPros,restopros,,,,,,,TRUE,,,,,,,,,,,,,,,,TRUE,,TRUE,,,,,,,,,,,,,,,,TRUE,,,,,,,,,,TRUE,TRUE,,TRUE,,,,,,TRUE,TRUE,,,,,,
175,Restoration 1,restoration-1,,,,,,,TRUE,,,,,,,,,,,,,,,,TRUE,,TRUE,,,,,,,,,,,,,,,,TRUE,,,,,,,,,,TRUE,TRUE,,TRUE,,,,,,TRUE,TRUE,,,,,,
176,Right at Home,right-at-home,,,,,,,TRUE,,,,,,,,,,,,,,,,TRUE,,TRUE,,,,,,,,,,,,,,,,TRUE,,,,,,,,,,TRUE,TRUE,,TRUE,,,,,,TRUE,TRUE,,,,,,
177,Rolling Suds,rolling-suds,,,,,,,TRUE,,,,,,,,,,,,,,,,TRUE,,TRUE,,,,,,,,,,,,,,,,TRUE,,,,,,,,,,TRUE,TRUE,,TRUE,,,,,,TRUE,TRUE,,,,,,
178,Roof Scientist,roof-scientist,,,,,,,TRUE,,,,,,,,,,,,,,,,TRUE,,TRUE,,,,,,,,,,,,,,,,TRUE,,,,,,,,,,TRUE,TRUE,,TRUE,,,,,,TRUE,TRUE,,,,,,
179,Rubbish Works,rubbish-works,,,,,,,TRUE,,,,,,,,,,,,,,,,TRUE,,TRUE,,,,,,,,,,,,,,,,TRUE,,,,,,,,,,TRUE,TRUE,,TRUE,,,,,,TRUE,TRUE,,,,,,
180,Schooley Mitchell,schooley-mitchell,,,,,,,TRUE,,,,,,,,,,,,,,,,TRUE,,TRUE,,,,,,,,,,,,,,,,TRUE,,,,,,,,,,TRUE,TRUE,,TRUE,,,,,,TRUE,TRUE,,,,,,
181,Scoop Brothers,scoop-brothers,,,,,,,TRUE,,,,,,,,,,,,,,,,TRUE,,TRUE,,,,,,,,,,,,,,,,TRUE,,,,,,,,,,TRUE,TRUE,,TRUE,,,,,,TRUE,TRUE,,,,,,
182,Senior Care Authority,senior-care-authority,,,,,,,TRUE,,,,,,,,,,,,,,,,TRUE,,TRUE,,,,,,,,,,,,,,,,TRUE,,,,,,,,,,TRUE,TRUE,,TRUE,,,,,,TRUE,TRUE,,,,,,
183,Senior Helpers,senior-helpers,,,,,,,TRUE,,,,,,,,,,,,,,,,TRUE,,TRUE,,,,,,,,,,,,,,,,TRUE,,,,,,,,,,TRUE,TRUE,,TRUE,,,,,,TRUE,TRUE,,,,,,
184,Seniors Helping Seniors,seniors-helping-seniors,,,,,,,TRUE,,,,,,,,,,,,,,,,TRUE,,TRUE,,,,,,,,,,,,,,,,TRUE,,,,,,,,,,TRUE,TRUE,,TRUE,,,,,,TRUE,TRUE,,,,,,
185,Service Experts,service-experts,,,,,,,TRUE,,,,,,,,,,,,,,,,TRUE,,TRUE,,,,,,,,,,,,,,,,TRUE,,,,,,,,,,TRUE,TRUE,,TRUE,,,,,,TRUE,TRUE,,,,,,
186,ShelfGenie,shelfgenie,,,,,,,TRUE,,,,,,,,,,,,,,,,TRUE,,TRUE,,,,,,,,,,,,,,,,TRUE,,,,,,,,,,TRUE,TRUE,,TRUE,,,,,,TRUE,TRUE,,,,,,
187,Shrunk 3D,shrunk-3d,,,,,,,TRUE,,,,,,,,,,,,,,,,TRUE,,TRUE,,,,,,,,,,,,,,,,TRUE,,,,,,,,,,TRUE,TRUE,,TRUE,,,,,,TRUE,TRUE,,,,,,
188,Skin Experts by Brentwood Spa,skin-experts-by-brentwood-spa,,,,,,,TRUE,,,,,,,,,,,,,,,,TRUE,,TRUE,,,,,,,,,,,,,,,,TRUE,,,,,,,,,,TRUE,TRUE,,TRUE,,,,,,TRUE,TRUE,,,,,,
189,Sky Zone,sky-zone,,,,,,,TRUE,,,,,,,,,,,,,,,,TRUE,,TRUE,,,,,,,,,,,,,,,,TRUE,,,,,,,,,,TRUE,TRUE,,TRUE,,,,,,TRUE,TRUE,,,,,,
190,SkyRun Vacation Rentals,skyrun-vacation-rentals,,,,,,,TRUE,,,,,,,,,,,,,,,,TRUE,,TRUE,,,,,,,,,,,,,,,,TRUE,,,,,,,,,,TRUE,TRUE,,TRUE,,,,,,TRUE,TRUE,,,,,,
191,Slumberland Furniture,slumberland-furniture,,,,,,,TRUE,,,,,,,,,,,,,,,,TRUE,,TRUE,,,,,,,,,,,,,,,,TRUE,,,,,,,,,,TRUE,TRUE,,TRUE,,,,,,TRUE,TRUE,,,,,,
192,Soccer 5,soccer-5,,,,,,,TRUE,,,,,,,,,,,,,,,,TRUE,,TRUE,,,,,,,,,,,,,,,,TRUE,,,,,,,,,,TRUE,TRUE,,TRUE,,,,,,TRUE,TRUE,,,,,,
193,Soccer Stars,soccer-stars,,,,,,,TRUE,,,,,,,,,,,,,,,,TRUE,,TRUE,,,,,,,,,,,,,,,,TRUE,,,,,,,,,,TRUE,TRUE,,TRUE,,,,,,TRUE,TRUE,,,,,,
194,Sola Salons,sola-salons,,,,,,,TRUE,,,,,,,,,,,,,,,,TRUE,,TRUE,,,,,,,,,,,,,,,,TRUE,,,,,,,,,,TRUE,TRUE,,TRUE,,,,,,TRUE,TRUE,,,,,,
195,Solenvia,solenvia,,,,,,,TRUE,,,,,,,,,,,,,,,,TRUE,,TRUE,,,,,,,,,,,,,,,,TRUE,,,,,,,,,,TRUE,TRUE,,TRUE,,,,,,TRUE,TRUE,,,,,,
196,Sourdough & Co.,sourdough-co,,,,,,,TRUE,,,,,,,,,,,,,,,,TRUE,,TRUE,,,,,,,,,,,,,,,,TRUE,,,,,,,,,,TRUE,TRUE,,TRUE,,,,,,TRUE,TRUE,,,,,,
197,Southern Steer Butcher,southern-steer-butcher,,,,,,,TRUE,,,,,,,,,,,,,,,,TRUE,,TRUE,,,,,,,,,,,,,,,,TRUE,,,,,,,,,,TRUE,TRUE,,TRUE,,,,,,TRUE,TRUE,,,,,,
198,Sparkle Squad,sparkle-squad,,,,,,,TRUE,,,,,,,,,,,,,,,,TRUE,,TRUE,,,,,,,,,,,,,,,,TRUE,,,,,,,,,,TRUE,TRUE,,TRUE,,,,,,TRUE,TRUE,,,,,,
199,Speedy Freight,speedy-freight,,,,,,,TRUE,,,,,,,,,,,,,,,,TRUE,,TRUE,,,,,,,,,,,,,,,,TRUE,,,,,,,,,,TRUE,TRUE,,TRUE,,,,,,TRUE,TRUE,,,,,,
200,SPENGA,spenga,,,,,,,TRUE,,,,,,,,,,,,,,,,TRUE,,TRUE,,,,,,,,,,,,,,,,TRUE,,,,,,,,,,TRUE,TRUE,,TRUE,,,,,,TRUE,TRUE,,,,,,
201,Spray-Net,spray-net,,,,,,,TRUE,,,,,,,,,,,,,,,,TRUE,,TRUE,,,,,,,,,,,,,,,,TRUE,,,,,,,,,,TRUE,TRUE,,TRUE,,,,,,TRUE,TRUE,,,,,,
202,Squeeze,squeeze,,,,,,,TRUE,,,,,,,,,,,,,,,,TRUE,,TRUE,,,,,,,,,,,,,,,,TRUE,,,,,,,,,,TRUE,TRUE,,TRUE,,,,,,TRUE,TRUE,,,,,,
203,Stand Strong Fencing,stand-strong-fencing,,,,,,,TRUE,,,,,,,,,,,,,,,,TRUE,,TRUE,,,,,,,,,,,,,,,,TRUE,,,,,,,,,,TRUE,TRUE,,TRUE,,,,,,TRUE,TRUE,,,,,,
204,Steel Coated Floors,steel-coated-floors,,,,,,,TRUE,,,,,,,,,,,,,,,,TRUE,,TRUE,,,,,,,,,,,,,,,,TRUE,,,,,,,,,,TRUE,TRUE,,TRUE,,,,,,TRUE,TRUE,,,,,,
205,Storm Guard Roofing and Construction,storm-guard-roofing-and-construction,,,,,,,TRUE,,,,,,,,,,,,,,,,TRUE,,TRUE,,,,,,,,,,,,,,,,TRUE,,,,,,,,,,TRUE,TRUE,,TRUE,,,,,,TRUE,TRUE,,,,,,
206,Stretch Zone,stretch-zone,,,,,,,TRUE,,,,,,,,,,,,,,,,TRUE,,TRUE,,,,,,,,,,,,,,,,TRUE,,,,,,,,,,TRUE,TRUE,,TRUE,,,,,,TRUE,TRUE,,,,,,
207,StretchMed,stretchmed,,,,,,,TRUE,,,,,,,,,,,,,,,,TRUE,,TRUE,,,,,,,,,,,,,,,,TRUE,,,,,,,,,,TRUE,TRUE,,TRUE,,,,,,TRUE,TRUE,,,,,,
208,Sugaring LA,sugaring-la,,,,,,,TRUE,,,,,,,,,,,,,,,,TRUE,,TRUE,,,,,,,,,,,,,,,,TRUE,,,,,,,,,,TRUE,TRUE,,TRUE,,,,,,TRUE,TRUE,,,,,,
209,Surface Experts,surface-experts,,,,,,,TRUE,,,,,,,,,,,,,,,,TRUE,,TRUE,,,,,,,,,,,,,,,,TRUE,,,,,,,,,,TRUE,TRUE,,TRUE,,,,,,TRUE,TRUE,,,,,,
210,SWEAT440,sweat440,,,,,,,TRUE,,,,,,,,,,,,,,,,TRUE,,TRUE,,,,,,,,,,,,,,,,TRUE,,,,,,,,,,TRUE,TRUE,,TRUE,,,,,,TRUE,TRUE,,,,,,
211,Taste Buds Kitchen,taste-buds-kitchen,,,,,,,TRUE,,,,,,,,,,,,,,,,TRUE,,TRUE,,,,,,,,,,,,,,,,TRUE,,,,,,,,,,TRUE,TRUE,,TRUE,,,,,,TRUE,TRUE,,,,,,
212,TeamLogic IT,teamlogic-it,,,,,,,TRUE,,,,,,,,,,,,,,,,TRUE,,TRUE,,,,,,,,,,,,,,,,TRUE,,,,,,,,,,TRUE,TRUE,,TRUE,,,,,,TRUE,TRUE,,,,,,
213,Techtron Environmental Solutions,techtron-environmental-solutions,,,,,,,TRUE,,,,,,,,,,,,,,,,TRUE,,TRUE,,,,,,,,,,,,,,,,TRUE,,,,,,,,,,TRUE,TRUE,,TRUE,,,,,,TRUE,TRUE,,,,,,
214,Tee Box,tee-box,,,,,,,TRUE,,,,,,,,,,,,,,,,TRUE,,TRUE,,,,,,,,,,,,,,,,TRUE,,,,,,,,,,TRUE,TRUE,,TRUE,,,,,,TRUE,TRUE,,,,,,
215,Temperature Pro,temperature-pro,,,,,,,TRUE,,,,,,,,,,,,,,,,TRUE,,TRUE,,,,,,,,,,,,,,,,TRUE,,,,,,,,,,TRUE,TRUE,,TRUE,,,,,,TRUE,TRUE,,,,,,
216,Temporary Wall Systems,temporary-wall-systems,,,,,,,TRUE,,,,,,,,,,,,,,,,TRUE,,TRUE,,,,,,,,,,,,,,,,TRUE,,,,,,,,,,TRUE,TRUE,,TRUE,,,,,,TRUE,TRUE,,,,,,
217,Teriyaki Madness,teriyaki-madness,,,,,,,TRUE,,,,,,,,,,,,,,,,TRUE,,TRUE,,,,,,,,,,,,,,,,TRUE,,,,,,,,,,TRUE,TRUE,,TRUE,,,,,,TRUE,TRUE,,,,,,
218,TGA Premier Sports,tga-premier-sports,,,,,,,TRUE,,,,,,,,,,,,,,,,TRUE,,TRUE,,,,,,,,,,,,,,,,TRUE,,,,,,,,,,TRUE,TRUE,,TRUE,,,,,,TRUE,TRUE,,,,,,
219,That 1 Painter,that-1-painter,,,,,,,TRUE,,,,,,,,,,,,,,,,TRUE,,TRUE,,,,,,,,,,,,,,,,TRUE,,,,,,,,,,TRUE,TRUE,,TRUE,,,,,,TRUE,TRUE,,,,,,
220,The Brothers That Just Do Gutters,the-brothers-that-just-do-gutters,,,,,,,TRUE,,,,,,,,,,,,,,,,TRUE,,TRUE,,,,,,,,,,,,,,,,TRUE,,,,,,,,,,TRUE,TRUE,,TRUE,,,,,,TRUE,TRUE,,,,,,
221,The Designery,the-designery,,,,,,,TRUE,,,,,,,,,,,,,,,,TRUE,,TRUE,,,,,,,,,,,,,,,,TRUE,,,,,,,,,,TRUE,TRUE,,TRUE,,,,,,TRUE,TRUE,,,,,,
222,The Dog Stop,the-dog-stop,,,,,,,TRUE,,,,,,,,,,,,,,,,TRUE,,TRUE,,,,,,,,,,,,,,,,TRUE,,,,,,,,,,TRUE,TRUE,,TRUE,,,,,,TRUE,TRUE,,,,,,
223,The Glass Guru,the-glass-guru,,,,,,,TRUE,,,,,,,,,,,,,,,,TRUE,,TRUE,,,,,,,,,,,,,,,,TRUE,,,,,,,,,,TRUE,TRUE,,TRUE,,,,,,TRUE,TRUE,,,,,,
224,The Grounds Guys,the-grounds-guys,,,,,,,TRUE,,,,,,,,,,,,,,,,TRUE,,TRUE,,,,,,,,,,,,,,,,TRUE,,,,,,,,,,TRUE,TRUE,,TRUE,,,,,,TRUE,TRUE,,,,,,
225,The Grout Medic,the-grout-medic,,,,,,,TRUE,,,,,,,,,,,,,,,,TRUE,,TRUE,,,,,,,,,,,,,,,,TRUE,,,,,,,,,,TRUE,TRUE,,TRUE,,,,,,TRUE,TRUE,,,,,,
226,The Maids,the-maids,,,,,,,TRUE,,,,,,,,,,,,,,,,TRUE,,TRUE,,,,,,,,,,,,,,,,TRUE,,,,,,,,,,TRUE,TRUE,,TRUE,,,,,,TRUE,TRUE,,,,,,
227,The NOW Massage,the-now-massage,,,,,,,TRUE,,,,,,,,,,,,,,,,TRUE,,TRUE,,,,,,,,,,,,,,,,TRUE,,,,,,,,,,TRUE,TRUE,,TRUE,,,,,,TRUE,TRUE,,,,,,
228,THE SEALS - Refrigeration Gasket Specialists,the-seals-refrigeration-gasket-specialists,,,,,,,TRUE,,,,,,,,,,,,,,,,TRUE,,TRUE,,,,,,,,,,,,,,,,TRUE,,,,,,,,,,TRUE,TRUE,,TRUE,,,,,,TRUE,TRUE,,,,,,
229,The Tox,the-tox,,,,,,,TRUE,,,,,,,,,,,,,,,,TRUE,,TRUE,,,,,,,,,,,,,,,,TRUE,,,,,,,,,,TRUE,TRUE,,TRUE,,,,,,TRUE,TRUE,,,,,,
230,Tierra Encantada,tierra-encantada,,,,,,,TRUE,,,,,,,,,,,,,,,,TRUE,,TRUE,,,,,,,,,,,,,,,,TRUE,,,,,,,,,,TRUE,TRUE,,TRUE,,,,,,TRUE,TRUE,,,,,,
231,Top Rail Fence,top-rail-fence,,,,,,,TRUE,,,,,,,,,,,,,,,,TRUE,,TRUE,,,,,,,,,,,,,,,,TRUE,,,,,,,,,,TRUE,TRUE,,TRUE,,,,,,TRUE,TRUE,,,,,,
232,Two Maids,two-maids,,,,,,,TRUE,,,,,,,,,,,,,,,,TRUE,,TRUE,,,,,,,,,,,,,,,,TRUE,,,,,,,,,,TRUE,TRUE,,TRUE,,,,,,TRUE,TRUE,,,,,,
233,U.S. Lawns,us-lawns,,,,,,,TRUE,,,,,,,,,,,,,,,,TRUE,,TRUE,,,,,,,,,,,,,,,,TRUE,,,,,,,,,,TRUE,TRUE,,TRUE,,,,,,TRUE,TRUE,,,,,,
234,Ultimate Longevity Center,ultimate-longevity-center,,,,,,,TRUE,,,,,,,,,,,,,,,,TRUE,,TRUE,,,,,,,,,,,,,,,,TRUE,,,,,,,,,,TRUE,TRUE,,TRUE,,,,,,TRUE,TRUE,,,,,,
235,Varsity Zone HVAC,varsity-zone-hvac,,,,,,,TRUE,,,,,,,,,,,,,,,,TRUE,,TRUE,,,,,,,,,,,,,,,,TRUE,,,,,,,,,,TRUE,TRUE,,TRUE,,,,,,TRUE,TRUE,,,,,,
236,Vibe House,vibe-house,,,,,,,TRUE,,,,,,,,,,,,,,,,TRUE,,TRUE,,,,,,,,,,,,,,,,TRUE,,,,,,,,,,TRUE,TRUE,,TRUE,,,,,,TRUE,TRUE,,,,,,
237,VIO Med Spa,vio-med-spa,,,,,,,TRUE,,,,,,,,,,,,,,,,TRUE,,TRUE,,,,,,,,,,,,,,,,TRUE,,,,,,,,,,TRUE,TRUE,,TRUE,,,,,,TRUE,TRUE,,,,,,
238,Voda Cleaning & Restoration,voda-cleaning-restoration,,,,,,,TRUE,,,,,,,,,,,,,,,,TRUE,,TRUE,,,,,,,,,,,,,,,,TRUE,,,,,,,,,,TRUE,TRUE,,TRUE,,,,,,TRUE,TRUE,,,,,,
239,Water Babies,water-babies,,,,,,,TRUE,,,,,,,,,,,,,,,,TRUE,,TRUE,,,,,,,,,,,,,,,,TRUE,,,,,,,,,,TRUE,TRUE,,TRUE,,,,,,TRUE,TRUE,,,,,,
240,Waterloo Turf,waterloo-turf,,,,,,,TRUE,,,,,,,,,,,,,,,,TRUE,,TRUE,,,,,,,,,,,,,,,,TRUE,,,,,,,,,,TRUE,TRUE,,TRUE,,,,,,TRUE,TRUE,,,,,,
241,WaveMAX Laundry,wavemax-laundry,,,,,,,TRUE,,,,,,,,,,,,,,,,TRUE,,TRUE,,,,,,,,,,,,,,,,TRUE,,,,,,,,,,TRUE,TRUE,,TRUE,,,,,,TRUE,TRUE,,,,,,
242,Window Gang,window-gang,,,,,,,TRUE,,,,,,,,,,,,,,,,TRUE,,TRUE,,,,,,,,,,,,,,,,TRUE,,,,,,,,,,TRUE,TRUE,,TRUE,,,,,,TRUE,TRUE,,,,,,
243,Window Genie,window-genie,,,,,,,TRUE,,,,,,,,,,,,,,,,TRUE,,TRUE,,,,,,,,,,,,,,,,TRUE,,,,,,,,,,TRUE,TRUE,,TRUE,,,,,,TRUE,TRUE,,,,,,
244,Window Hero,window-hero,,,,,,,TRUE,,,,,,,,,,,,,,,,TRUE,,TRUE,,,,,,,,,,,,,,,,TRUE,,,,,,,,,,TRUE,TRUE,,TRUE,,,,,,TRUE,TRUE,,,,,,
245,Wonderly Lights,wonderly-lights,,,,,,,TRUE,,,,,,,,,,,,,,,,TRUE,,TRUE,,,,,,,,,,,,,,,,TRUE,,,,,,,,,,TRUE,TRUE,,TRUE,,,,,,TRUE,TRUE,,,,,,
246,Woodhouse Spa,woodhouse-spa,,,,,,,TRUE,,,,,,,,,,,,,,,,TRUE,,TRUE,,,,,,,,,,,,,,,,TRUE,,,,,,,,,,TRUE,TRUE,,TRUE,,,,,,TRUE,TRUE,,,,,,
247,WOW Windowboxes,wow-windowboxes,,,,,,,TRUE,,,,,,,,,,,,,,,,TRUE,,TRUE,,,,,,,,,,,,,,,,TRUE,,,,,,,,,,TRUE,TRUE,,TRUE,,,,,,TRUE,TRUE,,,,,,
248,Zoom Drain,zoom-drain,,,,,,,TRUE,,,,,,,,,,,,,,,,TRUE,,TRUE,,,,,,,,,,,,,,,,TRUE,,,,,,,,,,TRUE,TRUE,,TRUE,,,,,,TRUE,TRUE,,,,,,
